{"cameraMode":{"drawMode":0,"name":"Shaded","section":"Shading Mode"},"sceneLighting":true,"audioPlay":false,"sceneViewState":{"showFog":true,"showMaterialUpdate":false,"showSkybox":true,"showFlares":true,"showImageEffects":true,"showParticleSystems":true},"in2DMode":false,"pivot":{"x":-0.02717307209968567,"y":-0.2588127851486206,"z":6.09716796875},"rotation":{"x":0.07791793346405029,"y":-0.00897271279245615,"z":0.0007012963178567588,"w":0.9969200491905212},"size":4.937534809112549,"orthographic":true}